1,Balloon # 01,R
10,Balloon # 10,R
11,Balloon # 11,R
12,Balloon # 12,R
13,Balloon # 13,G
14,Balloon # 14,G
15,Balloon # 15,B
16,Balloon # 16,B
17,Balloon # 17,R
18,Balloon # 18,G
19,Balloon # 19,B
2,Balloon # 02,R
20,Balloon # 20,R
21,Balloon # 21,G
22,Balloon # 22,B
23,Balloon # 23,R
24,Balloon # 24,G
25,Balloon # 25,B
26,Balloon # 26,B
27,Balloon # 27,R
28,Balloon # 28,G
29,Balloon # 29,R
3,Balloon # 03,R
30,Balloon # 30,G
31,Balloon # 31,R
32,Balloon # 32,G
33,Balloon # 33,B
34,Balloon # 34,R
35,Balloon # 35,G
36,Balloon # 36,B
37,Balloon # 37,R
38,Balloon # 38,G
39,Balloon # 39,B
4,Balloon # 04,G
40,Balloon # 40,R
41,Balloon # 41,R
42,Balloon # 42,G
43,Balloon # 43,B
44,Balloon # 44,R
45,Balloon # 45,G
46,Balloon # 46,B
47,Balloon # 47,B
48,Balloon # 48,G
49,Balloon # 49,R
5,Balloon # 05,G
50,Balloon # 50,G
51,Balloon # 51,B
52,Balloon # 52,R
53,Balloon # 53,G
54,Balloon # 54,B
6,Balloon # 06,G
7,Balloon # 07,B
8,Balloon # 08,B
9,Balloon # 09,B